{
    "items": [
        {
            "Id": {
                "N": "101"
            },
            "Title": {
                "S": "A"
            },
            "DataMB": {
                "S": "Unlimited LTE"
            },
            "Text": {
                "S": "Unlimited"
            },
            "CallPerMin": {
                "S": "Unlimited"
            },
            "PricePerLine": {
                "N": "40"
            },
            "Activation Fee": {
                "N": "0"
            },
            "Lines": {
                "N": "4"
            },
            "Country": {
                "S": "USA"
            },
            "Features": {
                "L": [
                    {
                        "S": "UnlimitedLTE"
                    },
                    {
                        "S": "Unlimited Talk and Text"
                    },
                    {
                        "S": "Unlimted Mobile HotSpot"
                    },
                    {
                        "S": "DVD Quality Streaming"
                    }
                ]
            }
        },
        {
            "Id": {
                "N": "102"
            },
            "Title": {
                "S": "B"
            },
            "DataMB": {
                "S": "Unlimited LTE"
            },
            "Text": {
                "S": "Unlimited"
            },
            "CallPerMin": {
                "S": "Unlimited"
            },
            "PricePerLine": {
                "N": "60"
            },
            "Activation Fee": {
                "N": "0"
            },
            "Lines": {
                "N": "4"
            },
            "Country": {
                "S": "USA"
            },
            "Features": {
                "L": [
                    {
                        "S": "Unlimited LTE"
                    },
                    {
                        "S": "Unlimited Talk and Text"
                    },
                    {
                        "S": "Unlimted Mobile HotSpot"
                    },
                    {
                        "S": "HD Quality Streaming"
                    }
                ]
            }
        },
        {
            "Id": {
                "N": "103"
            },
            "Title": {
                "S": "C"
            },
            "DataMB": {
                "S": "0.12"
            },
            "Text": {
                "S": "0.05"
            },
            "CallPerMin": {
                "S": "0.15"
            },
            "PricePerLine": {
                "N": "10"
            },
            "Activation Fee": {
                "N": "0"
            },
            "Lines": {
                "N": "4"
            },
            "Country": {
                "S": "USA"
            },
            "Features": {
                "L": [
                    {
                        "S": "2GB Fee Data"
                    },
                    {
                        "S": "300 mins talk time free"
                    },
                    {
                        "S": "100 text messages free"
                    }
                ]
            }
        },
        {
            "Id": {
                "N": "104"
            },
            "Title": {
                "S": "A"
            },
            "DataMB": {
                "S": "Unlimited LTE"
            },
            "Text": {
                "S": "Unlimited"
            },
            "CallPerMin": {
                "S": "Unlimited"
            },
            "PricePerLine": {
                "N": "45"
            },
            "Activation Fee": {
                "N": "0"
            },
            "Lines": {
                "N": "4"
            },
            "Country": {
                "S": "Canada"
            },
            "Features": {
                "L": [
                    {
                        "S": "UnlimitedLTE"
                    },
                    {
                        "S": "Unlimited Talk and Text"
                    },
                    {
                        "S": "Unlimted Mobile HotSpot"
                    },
                    {
                        "S": "DVD Quality Streaming"
                    }
                ]
            }
        },
        {
            "Id": {
                "N": "105"
            },
            "Title": {
                "S": "B"
            },
            "DataMB": {
                "S": "Unlimited LTE"
            },
            "Text": {
                "S": "Unlimited"
            },
            "CallPerMin": {
                "S": "Unlimited"
            },
            "PricePerLine": {
                "N": "65"
            },
            "Activation Fee": {
                "N": "0"
            },
            "Lines": {
                "N": "4"
            },
            "Country": {
                "S": "Canada"
            },
            "Features": {
                "L": [
                    {
                        "S": "Unlimited LTE"
                    },
                    {
                        "S": "Unlimited Talk and Text"
                    },
                    {
                        "S": "Unlimted Mobile HotSpot"
                    },
                    {
                        "S": "HD Quality Streaming"
                    }
                ]
            }
        },
        {
            "Id": {
                "N": "106"
            },
            "Title": {
                "S": "C"
            },
            "DataMB": {
                "S": "0.15"
            },
            "Text": {
                "S": "0.05"
            },
            "CallPerMin": {
                "S": "0.20"
            },
            "PricePerLine": {
                "N": "10"
            },
            "Activation Fee": {
                "N": "0"
            },
            "Lines": {
                "N": "4"
            },
            "Country": {
                "S": "Canada"
            },
            "Features": {
                "L": [
                    {
                        "S": "2GB Fee Data"
                    },
                    {
                        "S": "300 mins talk time free"
                    },
                    {
                        "S": "100 text messages free"
                    }
                ]
            }
        },
        {
            "Id": {
                "N": "107"
            },
            "Title": {
                "S": "A"
            },
            "DataMB": {
                "S": "Unlimited LTE"
            },
            "Text": {
                "S": "Unlimited"
            },
            "CallPerMin": {
                "S": "Unlimited"
            },
            "PricePerLine": {
                "N": "30"
            },
            "Activation Fee": {
                "N": "0"
            },
            "Lines": {
                "N": "4"
            },
            "Country": {
                "S": "Mexico"
            },
            "Features": {
                "L": [
                    {
                        "S": "UnlimitedLTE"
                    },
                    {
                        "S": "Unlimited Talk and Text"
                    },
                    {
                        "S": "Unlimted Mobile HotSpot"
                    },
                    {
                        "S": "DVD Quality Streaming"
                    }
                ]
            }
        },
        {
            "Id": {
                "N": "108"
            },
            "Title": {
                "S": "B"
            },
            "DataMB": {
                "S": "Unlimited LTE"
            },
            "Text": {
                "S": "Unlimited"
            },
            "CallPerMin": {
                "S": "Unlimited"
            },
            "PricePerLine": {
                "N": "35"
            },
            "Activation Fee": {
                "N": "0"
            },
            "Lines": {
                "N": "4"
            },
            "Country": {
                "S": "Mexico"
            },
            "Features": {
                "L": [
                    {
                        "S": "Unlimited LTE"
                    },
                    {
                        "S": "Unlimited Talk and Text"
                    },
                    {
                        "S": "Unlimted Mobile HotSpot"
                    },
                    {
                        "S": "HD Quality Streaming"
                    }
                ]
            }
        },
        {
            "Id": {
                "N": "109"
            },
            "Title": {
                "S": "C"
            },
            "DataMB": {
                "S": "0.12"
            },
            "Text": {
                "S": "0.05"
            },
            "CallPerMin": {
                "S": "0.15"
            },
            "PricePerLine": {
                "N": "10"
            },
            "Activation Fee": {
                "N": "0"
            },
            "Lines": {
                "N": "4"
            },
            "Country": {
                "S": "Mexico"
            },
            "Features": {
                "L": [
                    {
                        "S": "2GB Fee Data"
                    },
                    {
                        "S": "300 mins talk time free"
                    },
                    {
                        "S": "100 text messages free"
                    }
                ]
            }
        },
        {
            "Id": {
                "N": "110"
            },
            "Title": {
                "S": "A"
            },
            "DataMB": {
                "S": "Unlimited LTE"
            },
            "Text": {
                "S": "Unlimited"
            },
            "CallPerMin": {
                "S": "Unlimited"
            },
            "PricePerLine": {
                "N": "40"
            },
            "Activation Fee": {
                "N": "0"
            },
            "Lines": {
                "N": "4"
            },
            "Country": {
                "S": "India"
            },
            "Features": {
                "L": [
                    {
                        "S": "UnlimitedLTE"
                    },
                    {
                        "S": "Unlimited Talk and Text"
                    },
                    {
                        "S": "Unlimted Mobile HotSpot"
                    },
                    {
                        "S": "DVD Quality Streaming"
                    }
                ]
            }
        },
        {
            "Id": {
                "N": "111"
            },
            "Title": {
                "S": "B"
            },
            "DataMB": {
                "S": "Unlimited LTE"
            },
            "Text": {
                "S": "Unlimited"
            },
            "CallPerMin": {
                "S": "Unlimited"
            },
            "PricePerLine": {
                "N": "60"
            },
            "Activation Fee": {
                "N": "0"
            },
            "Lines": {
                "N": "4"
            },
            "Country": {
                "S": "India"
            },
            "Features": {
                "L": [
                    {
                        "S": "Unlimited LTE"
                    },
                    {
                        "S": "Unlimited Talk and Text"
                    },
                    {
                        "S": "Unlimted Mobile HotSpot"
                    },
                    {
                        "S": "HD Quality Streaming"
                    }
                ]
            }
        },
        {
            "Id": {
                "N": "112"
            },
            "Title": {
                "S": "C"
            },
            "DataMB": {
                "S": "0.12"
            },
            "Text": {
                "S": "0.05"
            },
            "CallPerMin": {
                "S": "0.15"
            },
            "PricePerLine": {
                "N": "10"
            },
            "Activation Fee": {
                "N": "0"
            },
            "Lines": {
                "N": "4"
            },
            "Country": {
                "S": "India"
            },
            "Features": {
                "L": [
                    {
                        "S": "3GB Fee Data"
                    },
                    {
                        "S": "300 mins talk time free"
                    },
                    {
                        "S": "100 text messages free"
                    }
                ]
            }
        },
        {
            "Id": {
                "N": "113"
            },
            "Title": {
                "S": "A"
            },
            "DataMB": {
                "S": "Unlimited LTE"
            },
            "Text": {
                "S": "Unlimited"
            },
            "CallPerMin": {
                "S": "Unlimited"
            },
            "PricePerLine": {
                "N": "40"
            },
            "Activation Fee": {
                "N": "0"
            },
            "Lines": {
                "N": "4"
            },
            "Country": {
                "S": "Japan"
            },
            "Features": {
                "L": [
                    {
                        "S": "UnlimitedLTE"
                    },
                    {
                        "S": "Unlimited Talk and Text"
                    },
                    {
                        "S": "Unlimted Mobile HotSpot"
                    },
                    {
                        "S": "DVD Quality Streaming"
                    }
                ]
            }
        },
        {
            "Id": {
                "N": "114"
            },
            "Title": {
                "S": "B"
            },
            "DataMB": {
                "S": "Unlimited LTE"
            },
            "Text": {
                "S": "Unlimited"
            },
            "CallPerMin": {
                "S": "Unlimited"
            },
            "PricePerLine": {
                "N": "60"
            },
            "Activation Fee": {
                "N": "0"
            },
            "Lines": {
                "N": "4"
            },
            "Country": {
                "S": "Japan"
            },
            "Features": {
                "L": [
                    {
                        "S": "Unlimited LTE"
                    },
                    {
                        "S": "Unlimited Talk and Text"
                    },
                    {
                        "S": "Unlimted Mobile HotSpot"
                    },
                    {
                        "S": "HD Quality Streaming"
                    }
                ]
            }
        },
        {
            "Id": {
                "N": "115"
            },
            "Title": {
                "S": "C"
            },
            "DataMB": {
                "S": "0.10"
            },
            "Text": {
                "S": "0.05"
            },
            "CallPerMin": {
                "S": "0.10"
            },
            "PricePerLine": {
                "N": "10"
            },
            "Activation Fee": {
                "N": "0"
            },
            "Lines": {
                "N": "4"
            },
            "Country": {
                "S": "Japan"
            },
            "Features": {
                "L": [
                    {
                        "S": "3GB Fee Data"
                    },
                    {
                        "S": "300 mins talk time free"
                    },
                    {
                        "S": "100 text messages free"
                    }
                ]
            }
        },
        {
            "Id": {
                "N": "116"
            },
            "Title": {
                "S": "A"
            },
            "DataMB": {
                "S": "Unlimited LTE"
            },
            "Text": {
                "S": "Unlimited"
            },
            "CallPerMin": {
                "S": "Unlimited"
            },
            "PricePerLine": {
                "N": "35"
            },
            "Activation Fee": {
                "N": "0"
            },
            "Lines": {
                "N": "4"
            },
            "Country": {
                "S": "South Korea"
            },
            "Features": {
                "L": [
                    {
                        "S": "UnlimitedLTE"
                    },
                    {
                        "S": "Unlimited Talk and Text"
                    },
                    {
                        "S": "Unlimted Mobile HotSpot"
                    },
                    {
                        "S": "DVD Quality Streaming"
                    }
                ]
            }
        },
        {
            "Id": {
                "N": "117"
            },
            "Title": {
                "S": "B"
            },
            "DataMB": {
                "S": "Unlimited LTE"
            },
            "Text": {
                "S": "Unlimited"
            },
            "CallPerMin": {
                "S": "Unlimited"
            },
            "PricePerLine": {
                "N": "50"
            },
            "Activation Fee": {
                "N": "0"
            },
            "Lines": {
                "N": "4"
            },
            "Country": {
                "S": "South Korea"
            },
            "Features": {
                "L": [
                    {
                        "S": "Unlimited LTE"
                    },
                    {
                        "S": "Unlimited Talk and Text"
                    },
                    {
                        "S": "Unlimted Mobile HotSpot"
                    },
                    {
                        "S": "HD Quality Streaming"
                    }
                ]
            }
        },
        {
            "Id": {
                "N": "118"
            },
            "Title": {
                "S": "C"
            },
            "DataMB": {
                "S": "0.12"
            },
            "Text": {
                "S": "0.05"
            },
            "CallPerMin": {
                "S": "0.20"
            },
            "PricePerLine": {
                "N": "10"
            },
            "Activation Fee": {
                "N": "0"
            },
            "Lines": {
                "N": "4"
            },
            "Country": {
                "S": "South Korea"
            },
            "Features": {
                "L": [
                    {
                        "S": "2GB Fee Data"
                    },
                    {
                        "S": "300 mins talk time free"
                    },
                    {
                        "S": "100 text messages free"
                    }
                ]
            }
        },
        {
            "Id": {
                "N": "119"
            },
            "Title": {
                "S": "A"
            },
            "DataMB": {
                "S": "Unlimited LTE"
            },
            "Text": {
                "S": "Unlimited"
            },
            "CallPerMin": {
                "S": "Unlimited"
            },
            "PricePerLine": {
                "N": "40"
            },
            "Activation Fee": {
                "N": "0"
            },
            "Lines": {
                "N": "4"
            },
            "Country": {
                "S": "China"
            },
            "Features": {
                "L": [
                    {
                        "S": "UnlimitedLTE"
                    },
                    {
                        "S": "Unlimited Talk and Text"
                    },
                    {
                        "S": "Unlimted Mobile HotSpot"
                    },
                    {
                        "S": "DVD Quality Streaming"
                    }
                ]
            }
        },
        {
            "Id": {
                "N": "120"
            },
            "Title": {
                "S": "B"
            },
            "DataMB": {
                "S": "Unlimited LTE"
            },
            "Text": {
                "S": "Unlimited"
            },
            "CallPerMin": {
                "S": "Unlimited"
            },
            "PricePerLine": {
                "N": "65"
            },
            "Activation Fee": {
                "N": "0"
            },
            "Lines": {
                "N": "4"
            },
            "Country": {
                "S": "China"
            },
            "Features": {
                "L": [
                    {
                        "S": "Unlimited LTE"
                    },
                    {
                        "S": "Unlimited Talk and Text"
                    },
                    {
                        "S": "Unlimted Mobile HotSpot"
                    },
                    {
                        "S": "HD Quality Streaming"
                    }
                ]
            }
        },
        {
            "Id": {
                "N": "121"
            },
            "Title": {
                "S": "C"
            },
            "DataMB": {
                "S": "0.15"
            },
            "Text": {
                "S": "0.10"
            },
            "CallPerMin": {
                "S": "0.15"
            },
            "PricePerLine": {
                "N": "10"
            },
            "Activation Fee": {
                "N": "0"
            },
            "Lines": {
                "N": "4"
            },
            "Country": {
                "S": "China"
            },
            "Features": {
                "L": [
                    {
                        "S": "2GB Fee Data"
                    },
                    {
                        "S": "300 mins talk time free"
                    },
                    {
                        "S": "100 text messages free"
                    }
                ]
            }
        },
        {
            "Id": {
                "N": "122"
            },
            "Title": {
                "S": "B"
            },
            "DataMB": {
                "S": "Unlimited LTE"
            },
            "Text": {
                "S": "Unlimited"
            },
            "CallPerMin": {
                "S": "Unlimited"
            },
            "PricePerLine": {
                "N": "45"
            },
            "Activation Fee": {
                "N": "0"
            },
            "Lines": {
                "N": "4"
            },
            "Country": {
                "S": "Brazil"
            },
            "Features": {
                "L": [
                    {
                        "S": "UnlimitedLTE"
                    },
                    {
                        "S": "Unlimited Talk and Text"
                    },
                    {
                        "S": "Unlimted Mobile HotSpot"
                    },
                    {
                        "S": "DVD Quality Streaming"
                    }
                ]
            }
        },
        {
            "Id": {
                "N": "123"
            },
            "Title": {
                "S": "B"
            },
            "DataMB": {
                "S": "Unlimited LTE"
            },
            "Text": {
                "S": "Unlimited"
            },
            "CallPerMin": {
                "S": "Unlimited"
            },
            "PricePerLine": {
                "N": "60"
            },
            "Activation Fee": {
                "N": "0"
            },
            "Lines": {
                "N": "4"
            },
            "Country": {
                "S": "Brazil"
            },
            "Features": {
                "L": [
                    {
                        "S": "Unlimited LTE"
                    },
                    {
                        "S": "Unlimited Talk and Text"
                    },
                    {
                        "S": "Unlimted Mobile HotSpot"
                    },
                    {
                        "S": "HD Quality Streaming"
                    }
                ]
            }
        },
        {
            "Id": {
                "N": "124"
            },
            "Title": {
                "S": "C"
            },
            "DataMB": {
                "S": "0.20"
            },
            "Text": {
                "S": "0.10"
            },
            "CallPerMin": {
                "S": "0.15"
            },
            "PricePerLine": {
                "N": "10"
            },
            "Activation Fee": {
                "N": "0"
            },
            "Lines": {
                "N": "4"
            },
            "Country": {
                "S": "Brazil"
            },
            "Features": {
                "L": [
                    {
                        "S": "2GB Fee Data"
                    },
                    {
                        "S": "300 mins talk time free"
                    },
                    {
                        "S": "100 text messages free"
                    }
                ]
            }
        },
        {
            "Id": {
                "N": "125"
            },
            "Title": {
                "S": "A"
            },
            "DataMB": {
                "S": "Unlimited LTE"
            },
            "Text": {
                "S": "Unlimited"
            },
            "CallPerMin": {
                "S": "Unlimited"
            },
            "PricePerLine": {
                "N": "35"
            },
            "Activation Fee": {
                "N": "0"
            },
            "Lines": {
                "N": "4"
            },
            "Country": {
                "S": "France"
            },
            "Features": {
                "L": [
                    {
                        "S": "UnlimitedLTE"
                    },
                    {
                        "S": "Unlimited Talk and Text"
                    },
                    {
                        "S": "Unlimted Mobile HotSpot"
                    },
                    {
                        "S": "DVD Quality Streaming"
                    }
                ]
            }
        },
        {
            "Id": {
                "N": "126"
            },
            "Title": {
                "S": "C"
            },
            "DataMB": {
                "S": "Unlimited LTE"
            },
            "Text": {
                "S": "Unlimited"
            },
            "CallPerMin": {
                "S": "Unlimited"
            },
            "PricePerLine": {
                "N": "35"
            },
            "Activation Fee": {
                "N": "0"
            },
            "Lines": {
                "N": "4"
            },
            "Country": {
                "S": "France"
            },
            "Features": {
                "L": [
                    {
                        "S": "Unlimited LTE"
                    },
                    {
                        "S": "Unlimited Talk and Text"
                    },
                    {
                        "S": "Unlimted Mobile HotSpot"
                    },
                    {
                        "S": "HD Quality Streaming"
                    }
                ]
            }
        },
        {
            "Id": {
                "N": "127"
            },
            "Title": {
                "S": "C"
            },
            "DataMB": {
                "S": "0.15"
            },
            "Text": {
                "S": "0.05"
            },
            "CallPerMin": {
                "S": "0.15"
            },
            "PricePerLine": {
                "N": "10"
            },
            "Activation Fee": {
                "N": "0"
            },
            "Lines": {
                "N": "4"
            },
            "Country": {
                "S": "France"
            },
            "Features": {
                "L": [
                    {
                        "S": "2GB Fee Data"
                    },
                    {
                        "S": "300 mins talk time free"
                    },
                    {
                        "S": "100 text messages free"
                    }
                ]
            }
        },
        {
            "Id": {
                "N": "128"
            },
            "Title": {
                "S": "A"
            },
            "DataMB": {
                "S": "Unlimited LTE"
            },
            "Text": {
                "S": "Unlimited"
            },
            "CallPerMin": {
                "S": "Unlimited"
            },
            "PricePerLine": {
                "N": "35"
            },
            "Activation Fee": {
                "N": "0"
            },
            "Lines": {
                "N": "4"
            },
            "Country": {
                "S": "Argentina"
            },
            "Features": {
                "L": [
                    {
                        "S": "UnlimitedLTE"
                    },
                    {
                        "S": "Unlimited Talk and Text"
                    },
                    {
                        "S": "Unlimted Mobile HotSpot"
                    },
                    {
                        "S": "DVD Quality Streaming"
                    }
                ]
            }
        },
        {
            "Id": {
                "N": "129"
            },
            "Title": {
                "S": "B"
            },
            "DataMB": {
                "S": "Unlimited LTE"
            },
            "Text": {
                "S": "Unlimited"
            },
            "CallPerMin": {
                "S": "Unlimited"
            },
            "PricePerLine": {
                "N": "65"
            },
            "Activation Fee": {
                "N": "0"
            },
            "Lines": {
                "N": "4"
            },
            "Country": {
                "S": "Argentina"
            },
            "Features": {
                "L": [
                    {
                        "S": "Unlimited LTE"
                    },
                    {
                        "S": "Unlimited Talk and Text"
                    },
                    {
                        "S": "Unlimted Mobile HotSpot"
                    },
                    {
                        "S": "HD Quality Streaming"
                    }
                ]
            }
        },
        {
            "Id": {
                "N": "130"
            },
            "Title": {
                "S": "C"
            },
            "DataMB": {
                "S": "0.20"
            },
            "Text": {
                "S": "0.15"
            },
            "CallPerMin": {
                "S": "0.15"
            },
            "PricePerLine": {
                "N": "10"
            },
            "Activation Fee": {
                "N": "0"
            },
            "Lines": {
                "N": "4"
            },
            "Country": {
                "S": "Argentina"
            },
            "Features": {
                "L": [
                    {
                        "S": "2GB Fee Data"
                    },
                    {
                        "S": "300 mins talk time free"
                    },
                    {
                        "S": "100 text messages free"
                    }
                ]
            }
        },
        {
            "Id": {
                "N": "131"
            },
            "Title": {
                "S": "A"
            },
            "DataMB": {
                "S": "Unlimited LTE"
            },
            "Text": {
                "S": "Unlimited"
            },
            "CallPerMin": {
                "S": "Unlimited"
            },
            "PricePerLine": {
                "N": "35"
            },
            "Activation Fee": {
                "N": "0"
            },
            "Lines": {
                "N": "4"
            },
            "Country": {
                "S": "United Kingdom"
            },
            "Features": {
                "L": [
                    {
                        "S": "UnlimitedLTE"
                    },
                    {
                        "S": "Unlimited Talk and Text"
                    },
                    {
                        "S": "Unlimted Mobile HotSpot"
                    },
                    {
                        "S": "DVD Quality Streaming"
                    }
                ]
            }
        },
        {
            "Id": {
                "N": "132"
            },
            "Title": {
                "S": "B"
            },
            "DataMB": {
                "S": "Unlimited LTE"
            },
            "Text": {
                "S": "Unlimited"
            },
            "CallPerMin": {
                "S": "Unlimited"
            },
            "PricePerLine": {
                "N": "50"
            },
            "Activation Fee": {
                "N": "0"
            },
            "Lines": {
                "N": "4"
            },
            "Country": {
                "S": "United Kingdom"
            },
            "Features": {
                "L": [
                    {
                        "S": "Unlimited LTE"
                    },
                    {
                        "S": "Unlimited Talk and Text"
                    },
                    {
                        "S": "Unlimted Mobile HotSpot"
                    },
                    {
                        "S": "HD Quality Streaming"
                    }
                ]
            }
        },
        {
            "Id": {
                "N": "133"
            },
            "Title": {
                "S": "C"
            },
            "DataMB": {
                "S": "0.10"
            },
            "Text": {
                "S": "0.15"
            },
            "CallPerMin": {
                "S": "0.10"
            },
            "PricePerLine": {
                "N": "10"
            },
            "Activation Fee": {
                "N": "0"
            },
            "Lines": {
                "N": "4"
            },
            "Country": {
                "S": "United Kingdom"
            },
            "Features": {
                "L": [
                    {
                        "S": "2GB Fee Data"
                    },
                    {
                        "S": "300 mins talk time free"
                    },
                    {
                        "S": "100 text messages free"
                    }
                ]
            }
        },
        {
            "Id": {
                "N": "134"
            },
            "Title": {
                "S": "A"
            },
            "DataMB": {
                "S": "Unlimited LTE"
            },
            "Text": {
                "S": "Unlimited"
            },
            "CallPerMin": {
                "S": "Unlimited"
            },
            "PricePerLine": {
                "N": "35"
            },
            "Activation Fee": {
                "N": "0"
            },
            "Lines": {
                "N": "4"
            },
            "Country": {
                "S": "Russia"
            },
            "Features": {
                "L": [
                    {
                        "S": "UnlimitedLTE"
                    },
                    {
                        "S": "Unlimited Talk and Text"
                    },
                    {
                        "S": "Unlimted Mobile HotSpot"
                    },
                    {
                        "S": "DVD Quality Streaming"
                    }
                ]
            }
        },
        {
            "Id": {
                "N": "135"
            },
            "Title": {
                "S": "B"
            },
            "DataMB": {
                "S": "Unlimited LTE"
            },
            "Text": {
                "S": "Unlimited"
            },
            "CallPerMin": {
                "S": "Unlimited"
            },
            "PricePerLine": {
                "N": "65"
            },
            "Activation Fee": {
                "N": "0"
            },
            "Lines": {
                "N": "4"
            },
            "Country": {
                "S": "Russia"
            },
            "Features": {
                "L": [
                    {
                        "S": "Unlimited LTE"
                    },
                    {
                        "S": "Unlimited Talk and Text"
                    },
                    {
                        "S": "Unlimted Mobile HotSpot"
                    },
                    {
                        "S": "HD Quality Streaming"
                    }
                ]
            }
        },
        {
            "Id": {
                "N": "136"
            },
            "Title": {
                "S": "C"
            },
            "DataMB": {
                "S": "0.10"
            },
            "Text": {
                "S": "0.12"
            },
            "CallPerMin": {
                "S": "0.15"
            },
            "PricePerLine": {
                "N": "10"
            },
            "Activation Fee": {
                "N": "0"
            },
            "Lines": {
                "N": "4"
            },
            "Country": {
                "S": "Russia"
            },
            "Features": {
                "L": [
                    {
                        "S": "2GB Fee Data"
                    },
                    {
                        "S": "300 mins talk time free"
                    },
                    {
                        "S": "100 text messages free"
                    }
                ]
            }
        },
        {
            "Id": {
                "N": "137"
            },
            "Title": {
                "S": "A"
            },
            "DataMB": {
                "S": "Unlimited LTE"
            },
            "Text": {
                "S": "Unlimited"
            },
            "CallPerMin": {
                "S": "Unlimited"
            },
            "PricePerLine": {
                "N": "35"
            },
            "Activation Fee": {
                "N": "0"
            },
            "Lines": {
                "N": "4"
            },
            "Country": {
                "S": "Australia"
            },
            "Features": {
                "L": [
                    {
                        "S": "UnlimitedLTE"
                    },
                    {
                        "S": "Unlimited Talk and Text"
                    },
                    {
                        "S": "Unlimted Mobile HotSpot"
                    },
                    {
                        "S": "DVD Quality Streaming"
                    }
                ]
            }
        },
        {
            "Id": {
                "N": "138"
            },
            "Title": {
                "S": "B"
            },
            "DataMB": {
                "S": "Unlimited LTE"
            },
            "Text": {
                "S": "Unlimited"
            },
            "CallPerMin": {
                "S": "Unlimited"
            },
            "PricePerLine": {
                "N": "65"
            },
            "Activation Fee": {
                "N": "0"
            },
            "Lines": {
                "N": "4"
            },
            "Country": {
                "S": "Australia"
            },
            "Features": {
                "L": [
                    {
                        "S": "Unlimited LTE"
                    },
                    {
                        "S": "Unlimited Talk and Text"
                    },
                    {
                        "S": "Unlimted Mobile HotSpot"
                    },
                    {
                        "S": "HD Quality Streaming"
                    }
                ]
            }
        },
        {
            "Id": {
                "N": "139"
            },
            "Title": {
                "S": "C"
            },
            "DataMB": {
                "S": "0.20"
            },
            "Text": {
                "S": "0.15"
            },
            "CallPerMin": {
                "S": "0.10"
            },
            "PricePerLine": {
                "N": "10"
            },
            "Activation Fee": {
                "N": "0"
            },
            "Lines": {
                "N": "4"
            },
            "Country": {
                "S": "Arustralia"
            },
            "Features": {
                "L": [
                    {
                        "S": "2GB Fee Data"
                    },
                    {
                        "S": "300 mins talk time free"
                    },
                    {
                        "S": "100 text messages free"
                    }
                ]
            }
        },
        {
            "Id": {
                "N": "140"
            },
            "Title": {
                "S": "A"
            },
            "DataMB": {
                "S": "Unlimited LTE"
            },
            "Text": {
                "S": "Unlimited"
            },
            "CallPerMin": {
                "S": "Unlimited"
            },
            "PricePerLine": {
                "N": "35"
            },
            "Activation Fee": {
                "N": "0"
            },
            "Lines": {
                "N": "4"
            },
            "Country": {
                "S": "New Zealand"
            },
            "Features": {
                "L": [
                    {
                        "S": "UnlimitedLTE"
                    },
                    {
                        "S": "Unlimited Talk and Text"
                    },
                    {
                        "S": "Unlimted Mobile HotSpot"
                    },
                    {
                        "S": "DVD Quality Streaming"
                    }
                ]
            }
        },
        {
            "Id": {
                "N": "141"
            },
            "Title": {
                "S": "B"
            },
            "DataMB": {
                "S": "Unlimited LTE"
            },
            "Text": {
                "S": "Unlimited"
            },
            "CallPerMin": {
                "S": "Unlimited"
            },
            "PricePerLine": {
                "N": "65"
            },
            "Activation Fee": {
                "N": "0"
            },
            "Lines": {
                "N": "4"
            },
            "Country": {
                "S": "New Zealand"
            },
            "Features": {
                "L": [
                    {
                        "S": "Unlimited LTE"
                    },
                    {
                        "S": "Unlimited Talk and Text"
                    },
                    {
                        "S": "Unlimted Mobile HotSpot"
                    },
                    {
                        "S": "HD Quality Streaming"
                    }
                ]
            }
        },
        {
            "Id": {
                "N": "142"
            },
            "Title": {
                "S": "C"
            },
            "DataMB": {
                "S": "0.25"
            },
            "Text": {
                "S": "0.15"
            },
            "CallPerMin": {
                "S": "0.20"
            },
            "PricePerLine": {
                "N": "10"
            },
            "Activation Fee": {
                "N": "0"
            },
            "Lines": {
                "N": "4"
            },
            "Country": {
                "S": "New Zealand"
            },
            "Features": {
                "L": [
                    {
                        "S": "2GB Fee Data"
                    },
                    {
                        "S": "300 mins talk time free"
                    },
                    {
                        "S": "100 text messages free"
                    }
                ]
            }
        }
    ]
}
